{
  "_fv": 28,
  "_type": "structure",
  "definition": {
    "structure": "log_cabin",
    "randomlyRotateStructure": true,
    "surfaceDetectionType": "First motion blocking block",
    "spawnProbability": 10000,
    "minCountPerChunk": 1,
    "maxCountPerChunk": 1,
    "spawnLocation": "Ground",
    "spawnHeightOffset": 0,
    "spawnXOffset": 0,
    "spawnZOffset": 0,
    "spawnWorldTypes": [
      "End"
    ],
    "restrictionBlocks": [
      {
        "value": "Blocks.END_STONE"
      },
      {
        "value": "CUSTOM:DarkStone"
      }
    ],
    "restrictionBiomes": [
      {
        "value": "end_barrens"
      },
      {
        "value": "end_highlands"
      },
      {
        "value": "end_midlands"
      }
    ],
    "ignoreBlocks": "STRUCTURE_BLOCK"
  }
}