{
  "_fv": 34,
  "_type": "armor",
  "definition": {
    "enableHelmet": true,
    "textureHelmet": "enderitearmor_head",
    "enableBody": true,
    "textureBody": "enderitearmor_body",
    "enableLeggings": true,
    "textureLeggings": "enderitearmor_leggings",
    "enableBoots": true,
    "textureBoots": "enderitearmor_boots",
    "creativeTab": {
      "value": "COMBAT"
    },
    "armorTextureFile": "enderitearmor",
    "helmetName": "Enderite Helmet",
    "bodyName": "Enderite Chestplate",
    "leggingsName": "Enderite Leggings",
    "bootsName": "Enderite Boots",
    "helmetSpecialInfo": [],
    "bodySpecialInfo": [],
    "leggingsSpecialInfo": [],
    "bootsSpecialInfo": [],
    "helmetModelName": "Default",
    "helmetModelPart": "Helmet",
    "helmetModelTexture": "From armor",
    "bodyModelName": "Default",
    "bodyModelPart": "Body",
    "armsModelPartL": "Arms L",
    "armsModelPartR": "Arms R",
    "bodyModelTexture": "From armor",
    "leggingsModelName": "Default",
    "leggingsModelPartL": "Leggings L",
    "leggingsModelPartR": "Leggings R",
    "leggingsModelTexture": "From armor",
    "bootsModelName": "Default",
    "bootsModelPartL": "Boots L",
    "bootsModelPartR": "Boots R",
    "bootsModelTexture": "From armor",
    "helmetImmuneToFire": false,
    "bodyImmuneToFire": false,
    "leggingsImmuneToFire": false,
    "bootsImmuneToFire": false,
    "maxDamage": 70,
    "damageValueHelmet": 20,
    "damageValueBody": 60,
    "damageValueLeggings": 50,
    "damageValueBoots": 20,
    "enchantability": 28,
    "toughness": 8.0,
    "knockbackResistance": 0.9,
    "equipSound": {
      "value": "block.azalea.hit"
    },
    "repairItems": [
      {
        "value": "CUSTOM:EnderiteIngot"
      }
    ]
  }
}