{
  "_fv": 28,
  "_type": "tool",
  "definition": {
    "renderType": 0,
    "texture": "enderitesword",
    "customModelName": "Normal",
    "name": "Enderite Sword",
    "specialInfo": [],
    "creativeTab": {
      "value": "COMBAT"
    },
    "toolType": "Sword",
    "harvestLevel": 5,
    "efficiency": 16.0,
    "attackSpeed": 8.0,
    "enchantability": 28,
    "damageVsEntity": 96.0,
    "usageCount": 6000,
    "blocksAffected": [],
    "hasGlow": false,
    "repairItems": [
      {
        "value": "CUSTOM:EnderiteIngot"
      }
    ],
    "immuneToFire": true,
    "stayInGridWhenCrafting": false,
    "damageOnCrafting": false
  }
}