{
  "_fv": 28,
  "_type": "structure",
  "definition": {
    "structure": "large_amethyst_tree",
    "randomlyRotateStructure": true,
    "surfaceDetectionType": "First block",
    "spawnProbability": 50000,
    "minCountPerChunk": 1,
    "maxCountPerChunk": 3,
    "spawnLocation": "Ground",
    "spawnHeightOffset": -1,
    "spawnXOffset": 0,
    "spawnZOffset": 0,
    "spawnWorldTypes": [
      "End"
    ],
    "restrictionBlocks": [],
    "restrictionBiomes": [
      {
        "value": "end_highlands"
      },
      {
        "value": "end_barrens"
      },
      {
        "value": "end_midlands"
      }
    ],
    "ignoreBlocks": "STRUCTURE_BLOCK"
  }
}