{
  "_fv": 34,
  "_type": "armor",
  "definition": {
    "enableHelmet": true,
    "textureHelmet": "heartoftheworldarmor_head",
    "enableBody": true,
    "textureBody": "heartoftheworldarmor_body",
    "enableLeggings": true,
    "textureLeggings": "heartoftheworldarmor_leggings",
    "enableBoots": true,
    "textureBoots": "heartoftheworldarmor_boots",
    "creativeTab": {
      "value": "COMBAT"
    },
    "armorTextureFile": "heartoftheworldarmor",
    "helmetName": "Death Armor Helmet",
    "bodyName": "Death Armor Body",
    "leggingsName": "Death Armor Leggings",
    "bootsName": "Death Armor Boots",
    "helmetSpecialInfo": [],
    "bodySpecialInfo": [],
    "leggingsSpecialInfo": [],
    "bootsSpecialInfo": [],
    "helmetModelName": "Default",
    "helmetModelPart": "Helmet",
    "helmetModelTexture": "From armor",
    "bodyModelName": "Default",
    "bodyModelPart": "Body",
    "armsModelPartL": "Arms L",
    "armsModelPartR": "Arms R",
    "bodyModelTexture": "From armor",
    "leggingsModelName": "Default",
    "leggingsModelPartL": "Leggings L",
    "leggingsModelPartR": "Leggings R",
    "leggingsModelTexture": "From armor",
    "bootsModelName": "Default",
    "bootsModelPartL": "Boots L",
    "bootsModelPartR": "Boots R",
    "bootsModelTexture": "From armor",
    "helmetImmuneToFire": false,
    "bodyImmuneToFire": false,
    "leggingsImmuneToFire": false,
    "bootsImmuneToFire": false,
    "maxDamage": 505,
    "damageValueHelmet": 200,
    "damageValueBody": 600,
    "damageValueLeggings": 500,
    "damageValueBoots": 200,
    "enchantability": 70,
    "toughness": 8.1,
    "knockbackResistance": 1.0,
    "equipSound": {
      "value": ""
    },
    "repairItems": [
      {
        "value": "CUSTOM:HeartOfEnderNugget"
      }
    ]
  }
}