{
  "_fv": 34,
  "_type": "tool",
  "definition": {
    "renderType": 0,
    "texture": "enderiteaxe",
    "customModelName": "Normal",
    "name": "Enderite Axe",
    "specialInfo": [],
    "creativeTab": {
      "value": "TOOLS"
    },
    "toolType": "Axe",
    "harvestLevel": 5,
    "efficiency": 16.0,
    "attackSpeed": 6.0,
    "enchantability": 28,
    "damageVsEntity": 300.0,
    "usageCount": 6000,
    "blocksAffected": [],
    "hasGlow": false,
    "repairItems": [
      {
        "value": "CUSTOM:EnderiteIngot"
      }
    ],
    "immuneToFire": true,
    "stayInGridWhenCrafting": false,
    "damageOnCrafting": false
  }
}