{
  "_fv": 34,
  "_type": "tool",
  "definition": {
    "renderType": 0,
    "texture": "enderitehoe",
    "customModelName": "Normal",
    "name": "Enderite Hoe",
    "specialInfo": [],
    "creativeTab": {
      "value": "TOOLS"
    },
    "toolType": "Hoe",
    "harvestLevel": 5,
    "efficiency": 14.0,
    "attackSpeed": 1.0,
    "enchantability": 28,
    "damageVsEntity": 4.0,
    "usageCount": 600,
    "blocksAffected": [],
    "hasGlow": false,
    "repairItems": [
      {
        "value": "CUSTOM:EnderiteIngot"
      }
    ],
    "immuneToFire": true,
    "stayInGridWhenCrafting": false,
    "damageOnCrafting": false
  }
}