{
  "_fv": 34,
  "_type": "rangeditem",
  "definition": {
    "renderType": 0,
    "texture": "enderitebow",
    "customModelName": "Normal",
    "name": "Enderite Bow",
    "specialInfo": [],
    "creativeTab": {
      "value": "COMBAT"
    },
    "stackSize": 1,
    "ammoItem": {
      "value": "CUSTOM:EnderiteArrow"
    },
    "shootConstantly": true,
    "usageCount": 6000,
    "actionSound": {
      "value": "entity.arrow.shoot"
    },
    "hasGlow": false,
    "animation": "bow",
    "enableMeleeDamage": false,
    "damageVsEntity": 0.0,
    "bulletPower": 1.5,
    "bulletDamage": 12.7,
    "bulletKnockback": 10,
    "bulletParticles": true,
    "bulletIgnitesFire": true,
    "bulletItemTexture": {
      "value": "CUSTOM:EnderiteArrow"
    },
    "bulletModel": "Default",
    "customBulletModelTexture": ""
  }
}